INSERT INTO PROCESO (ID, NOMBRE, PESO, TIPO) VALUES (1,'P.C. 01. ACCIÓN TUTORIAL.',1,'CLAVE');
INSERT INTO PROCESO (ID, NOMBRE, PESO, TIPO) VALUES (2,'P.C. 02. ORIENTACIÓN Y ACOMPAÑAMIENTO DE ALUMNOS',2,'CLAVE');
INSERT INTO PROCESO (ID, NOMBRE, PESO, TIPO) VALUES (4,'P.C. 04. ATENCIÓN A LA DIVERSIDAD',3,'CLAVE');
INSERT INTO PROCESO (ID, NOMBRE, PESO, TIPO) VALUES (5,'P.C. 05. ACCIÓN DOCENTE (PROC. EDUC. EN EL AULA)',4,'CLAVE');
INSERT INTO PROCESO (ID, NOMBRE, PESO, TIPO) VALUES (7,'P.C. 07. GESTIÓN DE CONFLICTOS DISCIPLINARES. (de la convivencia)',5,'CLAVE');
INSERT INTO PROCESO (ID, NOMBRE, PESO, TIPO) VALUES (9,'P.C. 09. ADMISIÓN, MATRICULACIÓN Y ACOGIDA DE ALUMNOS',6,'CLAVE');
INSERT INTO PROCESO (ID, NOMBRE, PESO, TIPO) VALUES (10,'P.C. 10. ACCIÓN PASTORAL ESCOLAR',7,'CLAVE');
INSERT INTO PROCESO (ID, NOMBRE, PESO, TIPO) VALUES (12,'P.C. 12. IMAGEN DEL CENTRO',8,'CLAVE');
INSERT INTO PROCESO (ID, NOMBRE, PESO, TIPO) VALUES (14,'P.C. 14. FORMACIÓN EN CENTROS DE TRABAJO.',9,'CLAVE');
INSERT INTO PROCESO (ID, NOMBRE, PESO, TIPO) VALUES (6,'P.E. 06. MEJORA CONTINUA.',10,'ESTRATEGIA');


INSERT INTO INDICADOR (ID, ES_PORCENTAJE, NOMBRE, PROCESO_ID) VALUES (100, TRUE, 'IND 01.1 % Familias diferentes que se entrevistan con el tutor', 1);
INSERT INTO INDICADOR (ID, ES_PORCENTAJE, NOMBRE, PROCESO_ID) VALUES (101, TRUE, 'IND 01.2 % alumnos diferentes entrevistados por el tutor', 1);
INSERT INTO INDICADOR (ID, ES_PORCENTAJE, NOMBRE, PROCESO_ID) VALUES (102, FALSE, 'IND 01.3 Nº total de entrevistas realizadas por el tutor con alumnos', 1);
INSERT INTO INDICADOR (ID, ES_PORCENTAJE, NOMBRE, PROCESO_ID) VALUES (103, FALSE, 'IND 01.4 Nº total de entrevistas realizadas por el tutor con famillias', 1);
INSERT INTO INDICADOR (ID, ES_PORCENTAJE, NOMBRE, PROCESO_ID) VALUES (104, TRUE, 'IND 01.5 % de acciones del Plan de Acción Tutorial realizadas sobre las planificadas.', 1);
INSERT INTO INDICADOR (ID, ES_PORCENTAJE, NOMBRE, PROCESO_ID) VALUES (105, TRUE, 'IND 01.6 % de acciones del Plan de Acción Tutorial eficaces sobre las realizadas.', 1);
INSERT INTO INDICADOR (ID, ES_PORCENTAJE, NOMBRE, PROCESO_ID) VALUES (106, TRUE, 'IND 01.7 % Padres que asisten a las reuniones de tutoría grupal.', 1);
INSERT INTO INDICADOR (ID, ES_PORCENTAJE, NOMBRE, PROCESO_ID) VALUES (107, FALSE, 'IND 01.8 Grado de satisfacción de los alumnos con la acción tutorial', 1);
INSERT INTO INDICADOR (ID, ES_PORCENTAJE, NOMBRE, PROCESO_ID) VALUES (108, FALSE, 'IND 01.9 Grado de satisfacción de las familias con la acción tutorial', 1);
INSERT INTO INDICADOR (ID, ES_PORCENTAJE, NOMBRE, PROCESO_ID) VALUES (109, FALSE, 'IND 01.10 Grado de satisfacción de los profesores con la acción tutorial', 1);
INSERT INTO INDICADOR (ID, ES_PORCENTAJE, NOMBRE, PROCESO_ID) VALUES (110, FALSE, 'IND 01.11 Grado satisfacción profesores con las acciones tutoriales desarrolladas con los alumnos', 1);
INSERT INTO INDICADOR (ID, ES_PORCENTAJE, NOMBRE, PROCESO_ID) VALUES (111, TRUE, 'IND 02.1 % de pruebas colectivas realizadas sobre las planificadas.', 2);
INSERT INTO INDICADOR (ID, ES_PORCENTAJE, NOMBRE, PROCESO_ID) VALUES (112, TRUE, 'IND 02.2 % de acciones de Orientación profesional–vocacional realizadas sobre las planificadas', 2);
INSERT INTO INDICADOR (ID, ES_PORCENTAJE, NOMBRE, PROCESO_ID) VALUES (113, FALSE, 'IND 02.3 Grado de satisfacción de los alumnos con la orientación', 2);
INSERT INTO INDICADOR (ID, ES_PORCENTAJE, NOMBRE, PROCESO_ID) VALUES (114, FALSE, 'IND 02.4 Grado de Satisfacción de Familias con la Orientación', 2);
INSERT INTO INDICADOR (ID, ES_PORCENTAJE, NOMBRE, PROCESO_ID) VALUES (115, FALSE, 'IND 02.5 Grado de Satisfacción de los profesores con la Orientación', 2);
INSERT INTO INDICADOR (ID, ES_PORCENTAJE, NOMBRE, PROCESO_ID) VALUES (116, FALSE, 'IND 04.1 Porcentaje áreas-asignaturas-materias aprobadas de todo el alumnado con Adaptación Curricular No Significativa', 4);
INSERT INTO INDICADOR (ID, ES_PORCENTAJE, NOMBRE, PROCESO_ID) VALUES (117, FALSE, 'IND 04.2 Porcentaje áreas-asignaturas-materias aprobadas de todo el alumnado con Adaptación Curricular Significativa', 4);
INSERT INTO INDICADOR (ID, ES_PORCENTAJE, NOMBRE, PROCESO_ID) VALUES (118, FALSE, 'IND 04.3 Porcentaje áreas-asignaturas-materias aprobadas de todo el alumnado con refuerzo o apoyo.', 4);
INSERT INTO INDICADOR (ID, ES_PORCENTAJE, NOMBRE, PROCESO_ID) VALUES (119, FALSE, 'IND 04.4 Porcentaje otros programas valorados como eficaces.', 4);
INSERT INTO INDICADOR (ID, ES_PORCENTAJE, NOMBRE, PROCESO_ID) VALUES (120, TRUE, 'IND 04.5 % materias pendientes recuperadas (EP, ESO, Bach y FPB)', 4);
INSERT INTO INDICADOR (ID, ES_PORCENTAJE, NOMBRE, PROCESO_ID) VALUES (121, TRUE, 'IND 04.6 % alumnos repetidores que promocionan sin imperativo legal', 4);
INSERT INTO INDICADOR (ID, ES_PORCENTAJE, NOMBRE, PROCESO_ID) VALUES (122, FALSE, 'IND 04.7 Grado de satisfacción de los alumnos con las medidas de atención a la diversidad', 4);
INSERT INTO INDICADOR (ID, ES_PORCENTAJE, NOMBRE, PROCESO_ID) VALUES (123, FALSE, 'IND 04.8 Grado de satisfacción de las familias con las medidas de atención a la diversidad', 4);
INSERT INTO INDICADOR (ID, ES_PORCENTAJE, NOMBRE, PROCESO_ID) VALUES (124, FALSE, 'IND 04.9 Grado de satisfacción profesores con la Atención a la Diversidad', 4);
INSERT INTO INDICADOR (ID, ES_PORCENTAJE, NOMBRE, PROCESO_ID) VALUES (125, TRUE, 'IND 05.1 % alumnos que en este momento promocionarían de curso o titularían (imperativo legal)', 5);
INSERT INTO INDICADOR (ID, ES_PORCENTAJE, NOMBRE, PROCESO_ID) VALUES (126, TRUE, 'IND 05.2 % alumnos que en este momento promocionarían (basado en el nº real de suspensos)', 5);
INSERT INTO INDICADOR (ID, ES_PORCENTAJE, NOMBRE, PROCESO_ID) VALUES (127, TRUE, 'IND 05.3 % de alumnos sin suspensos', 5);
INSERT INTO INDICADOR (ID, ES_PORCENTAJE, NOMBRE, PROCESO_ID) VALUES (128, TRUE, 'IND 05.4 % alumnos con 3 o más suspensos', 5);
INSERT INTO INDICADOR (ID, ES_PORCENTAJE, NOMBRE, PROCESO_ID) VALUES (129, FALSE, 'IND 05.5 Porcentaje de alumnos que aprueban la PAU en Junio con respecto a los matriculados en 2º BACH', 5);
INSERT INTO INDICADOR (ID, ES_PORCENTAJE, NOMBRE, PROCESO_ID) VALUES (130, FALSE, 'IND 05.6 Nota media alumnos PAU (1ª convocatoria)', 5);
INSERT INTO INDICADOR (ID, ES_PORCENTAJE, NOMBRE, PROCESO_ID) VALUES (131, FALSE, 'IND 05.7 Diferencia entre media PAU y media Bachillerato (1ª convocatoria)', 5);
INSERT INTO INDICADOR (ID, ES_PORCENTAJE, NOMBRE, PROCESO_ID) VALUES (132, TRUE, 'IND 05.8 % de actividades complementarias programadas sobre las realizadas.', 5);
INSERT INTO INDICADOR (ID, ES_PORCENTAJE, NOMBRE, PROCESO_ID) VALUES (133, FALSE, 'IND 05.9 Grado de satisfacción de los alumnos con la acción docente', 5);
INSERT INTO INDICADOR (ID, ES_PORCENTAJE, NOMBRE, PROCESO_ID) VALUES (134, FALSE, 'IND 05.10 Grado de satisfacción de las familias con la acción docente', 5);
INSERT INTO INDICADOR (ID, ES_PORCENTAJE, NOMBRE, PROCESO_ID) VALUES (135, FALSE, 'IND 05.11 Grado de satisfacción de los profesores con la acción docente', 5);
INSERT INTO INDICADOR (ID, ES_PORCENTAJE, NOMBRE, PROCESO_ID) VALUES (136, FALSE, 'IND 05.12 Grado de satisfacción de los alumnos con las actividades complementarias', 5);
INSERT INTO INDICADOR (ID, ES_PORCENTAJE, NOMBRE, PROCESO_ID) VALUES (137, FALSE, 'IND 05.13 Grado de satisfacción del profesorado con las actividades complementarias', 5);
INSERT INTO INDICADOR (ID, ES_PORCENTAJE, NOMBRE, PROCESO_ID) VALUES (138, FALSE, 'IND 07.1 Nº de alumnos diferentes suspendidos del derecho de asistencia al centro', 7);
INSERT INTO INDICADOR (ID, ES_PORCENTAJE, NOMBRE, PROCESO_ID) VALUES (139, TRUE, 'IND 07.2 % de alumnos diferentes suspendidos del derecho de asistencia al centro', 7);
INSERT INTO INDICADOR (ID, ES_PORCENTAJE, NOMBRE, PROCESO_ID) VALUES (140, TRUE, 'IND 07.3 % alumnos diferentes con ausencias injustificadas en 2 o más días (en el mismo trimestre).', 7);
INSERT INTO INDICADOR (ID, ES_PORCENTAJE, NOMBRE, PROCESO_ID) VALUES (141, TRUE, 'IND 07.4 % alumnos diferentes con impuntualidades injustificadas (Se contabilizará a partir de 3 impuntualidades en el mismo trimestre)', 7);
INSERT INTO INDICADOR (ID, ES_PORCENTAJE, NOMBRE, PROCESO_ID) VALUES (142, FALSE, 'IND 07.5 Grado de satisfacción de los alumnos con la Gestión de Conflictos', 7);
INSERT INTO INDICADOR (ID, ES_PORCENTAJE, NOMBRE, PROCESO_ID) VALUES (143, FALSE, 'IND 07.6 Grado de satisfacción de las Familias con la Gestión de Conflictos', 7);
INSERT INTO INDICADOR (ID, ES_PORCENTAJE, NOMBRE, PROCESO_ID) VALUES (144, FALSE, 'IND 07.7 Grado de satisfacción del profesorado con la Gestión de Conflictos', 7);
INSERT INTO INDICADOR (ID, ES_PORCENTAJE, NOMBRE, PROCESO_ID) VALUES (145, TRUE, 'IND 09.1 % de ocupación (n.º alumnos/ratio)', 9);
INSERT INTO INDICADOR (ID, ES_PORCENTAJE, NOMBRE, PROCESO_ID) VALUES (146, FALSE, 'IND 09.2 Porcentaje de solicitudes recibidas como primera opción respecto a plazas ofertadas', 9);
INSERT INTO INDICADOR (ID, ES_PORCENTAJE, NOMBRE, PROCESO_ID) VALUES (147, FALSE, 'IND 09.3 Nº solicitudes recibidas (por curso)', 9);
INSERT INTO INDICADOR (ID, ES_PORCENTAJE, NOMBRE, PROCESO_ID) VALUES (148, FALSE, 'IND 09.4 Nº de alumnos que se dan de baja ', 9);
INSERT INTO INDICADOR (ID, ES_PORCENTAJE, NOMBRE, PROCESO_ID) VALUES (149, FALSE, 'IND 09.5 Grado de satisfacción de alumnos de nuevo ingreso con la Admisión, Matriculación y Acogida de alumnos', 9);
INSERT INTO INDICADOR (ID, ES_PORCENTAJE, NOMBRE, PROCESO_ID) VALUES (150, FALSE, 'IND 09.6 Grado de satisfacción de las Familias de nuevo ingreso con la Admisión, Matriculación y Acogida de alumnos', 9);
INSERT INTO INDICADOR (ID, ES_PORCENTAJE, NOMBRE, PROCESO_ID) VALUES (151, TRUE, 'IND 10.1 % alumnos que participan en actividades voluntarias de pastoral escolar (celebraciones, retiros, convivencias, …)', 10);
INSERT INTO INDICADOR (ID, ES_PORCENTAJE, NOMBRE, PROCESO_ID) VALUES (152, FALSE, 'IND 10.2 Grado de satisfacción de los alumnos con la Pastoral', 10);
INSERT INTO INDICADOR (ID, ES_PORCENTAJE, NOMBRE, PROCESO_ID) VALUES (153, FALSE, 'IND 10.3 Grado de satisfacción de las Familias con la Pastoral', 10);
INSERT INTO INDICADOR (ID, ES_PORCENTAJE, NOMBRE, PROCESO_ID) VALUES (154, FALSE, 'IND 10.4 Grado de satisfacción del profesorado con la Pastoral', 10);
INSERT INTO INDICADOR (ID, ES_PORCENTAJE, NOMBRE, PROCESO_ID) VALUES (155, FALSE, 'IND 12.1 Nº Reconocimientos / premios concedidos por parte de entidades externas ', 12);
INSERT INTO INDICADOR (ID, ES_PORCENTAJE, NOMBRE, PROCESO_ID) VALUES (156, FALSE, 'IND 12.2 Nº de ocasiones en los que el centro aparece en los medios de comunicación (medios externos a Salesianos)', 12);
INSERT INTO INDICADOR (ID, ES_PORCENTAJE, NOMBRE, PROCESO_ID) VALUES (157, FALSE, 'IND 12.3 Número de actividades en las que el Centro colabora con otras instituciones externas', 12);
INSERT INTO INDICADOR (ID, ES_PORCENTAJE, NOMBRE, PROCESO_ID) VALUES (158, FALSE, 'IND 12.4 Grado de satisfacción de los alumnos con la Imagen del Centro', 12);
INSERT INTO INDICADOR (ID, ES_PORCENTAJE, NOMBRE, PROCESO_ID) VALUES (159, FALSE, 'IND 12.5 Grado de satisfacción de las Familias con la Imagen del Centro', 12);
INSERT INTO INDICADOR (ID, ES_PORCENTAJE, NOMBRE, PROCESO_ID) VALUES (160, FALSE, 'IND 12.6 Grado de satisfacción del profesorado con la Imagen del Centro', 12);
INSERT INTO INDICADOR (ID, ES_PORCENTAJE, NOMBRE, PROCESO_ID) VALUES (161, FALSE, 'IND 12.7 Grado de satisfacción de los padres con la Plataforma "QE Escuela-Familia"', 12);
INSERT INTO INDICADOR (ID, ES_PORCENTAJE, NOMBRE, PROCESO_ID) VALUES (162, TRUE, 'IND 14.1 % de alumnos matriculados en segundo curso que realizan el módulo de FCT', 14);
INSERT INTO INDICADOR (ID, ES_PORCENTAJE, NOMBRE, PROCESO_ID) VALUES (163, TRUE, 'IND 14.2 % de alumnos que aprueban con apto el módulo de FCT sobre los que han realizado la FCT.', 14);
INSERT INTO INDICADOR (ID, ES_PORCENTAJE, NOMBRE, PROCESO_ID) VALUES (164, TRUE, 'IND 14.3 % de alumnos contratados en empresas tras haber terminado la FCT', 14);
INSERT INTO INDICADOR (ID, ES_PORCENTAJE, NOMBRE, PROCESO_ID) VALUES (165, FALSE, 'IND 14.4 Grado de satisfaccion de los alumnos con la FCT', 14);
INSERT INTO INDICADOR (ID, ES_PORCENTAJE, NOMBRE, PROCESO_ID) VALUES (166, FALSE, 'IND 14.5 Grado de satisfacción de las empresas con la FCT', 14);
INSERT INTO INDICADOR (ID, ES_PORCENTAJE, NOMBRE, PROCESO_ID) VALUES (167, FALSE, 'IND 06.1 E Mejora en indicadores medición objetiva definida en el PSM ', 6);
INSERT INTO INDICADOR (ID, ES_PORCENTAJE, NOMBRE, PROCESO_ID) VALUES (168, FALSE, 'IND 06.2 E Mejora en indicadores de la satisfacción del cliente', 6);

INSERT INTO INDICADOR_UNIDAD (ID) VALUES (100);
INSERT INTO INDICADOR_UNIDAD (ID) VALUES (101);
INSERT INTO INDICADOR_UNIDAD (ID) VALUES (102);
INSERT INTO INDICADOR_UNIDAD (ID) VALUES (103);
INSERT INTO INDICADOR_UNIDAD (ID) VALUES (104);
INSERT INTO INDICADOR_UNIDAD (ID) VALUES (105);
INSERT INTO INDICADOR_UNIDAD (ID) VALUES (106);
INSERT INTO INDICADOR_UNIDAD (ID) VALUES (107);
INSERT INTO INDICADOR_UNIDAD (ID) VALUES (108);
INSERT INTO INDICADOR_UNIDAD (ID) VALUES (109);
INSERT INTO INDICADOR_UNIDAD (ID) VALUES (110);
INSERT INTO INDICADOR_UNIDAD (ID) VALUES (111);
INSERT INTO INDICADOR_UNIDAD (ID) VALUES (112);
INSERT INTO INDICADOR_UNIDAD (ID) VALUES (113);
INSERT INTO INDICADOR_UNIDAD (ID) VALUES (114);
INSERT INTO INDICADOR_UNIDAD (ID) VALUES (115);
INSERT INTO INDICADOR_UNIDAD (ID) VALUES (116);
INSERT INTO INDICADOR_UNIDAD (ID) VALUES (117);
INSERT INTO INDICADOR_UNIDAD (ID) VALUES (118);
INSERT INTO INDICADOR_UNIDAD (ID) VALUES (119);
INSERT INTO INDICADOR_UNIDAD (ID) VALUES (120);
INSERT INTO INDICADOR_UNIDAD (ID) VALUES (121);
INSERT INTO INDICADOR_UNIDAD (ID) VALUES (122);
INSERT INTO INDICADOR_UNIDAD (ID) VALUES (123);
INSERT INTO INDICADOR_UNIDAD (ID) VALUES (124);
INSERT INTO INDICADOR_UNIDAD (ID) VALUES (125);
INSERT INTO INDICADOR_UNIDAD (ID) VALUES (126);
INSERT INTO INDICADOR_UNIDAD (ID) VALUES (127);
INSERT INTO INDICADOR_UNIDAD (ID) VALUES (128);
INSERT INTO INDICADOR_UNIDAD (ID) VALUES (129);
INSERT INTO INDICADOR_UNIDAD (ID) VALUES (130);
INSERT INTO INDICADOR_UNIDAD (ID) VALUES (131);
INSERT INTO INDICADOR_UNIDAD (ID) VALUES (132);
INSERT INTO INDICADOR_UNIDAD (ID) VALUES (133);
INSERT INTO INDICADOR_UNIDAD (ID) VALUES (134);
INSERT INTO INDICADOR_UNIDAD (ID) VALUES (135);
INSERT INTO INDICADOR_UNIDAD (ID) VALUES (136);
INSERT INTO INDICADOR_UNIDAD (ID) VALUES (137);
INSERT INTO INDICADOR_UNIDAD (ID) VALUES (138);
INSERT INTO INDICADOR_UNIDAD (ID) VALUES (139);
INSERT INTO INDICADOR_UNIDAD (ID) VALUES (140);
INSERT INTO INDICADOR_UNIDAD (ID) VALUES (141);
INSERT INTO INDICADOR_UNIDAD (ID) VALUES (142);
INSERT INTO INDICADOR_UNIDAD (ID) VALUES (143);
INSERT INTO INDICADOR_UNIDAD (ID) VALUES (144);
INSERT INTO INDICADOR_UNIDAD (ID) VALUES (145);
INSERT INTO INDICADOR_UNIDAD (ID) VALUES (146);
INSERT INTO INDICADOR_UNIDAD (ID) VALUES (147);
INSERT INTO INDICADOR_UNIDAD (ID) VALUES (148);
INSERT INTO INDICADOR_UNIDAD (ID) VALUES (149);
INSERT INTO INDICADOR_UNIDAD (ID) VALUES (150);
INSERT INTO INDICADOR_UNIDAD (ID) VALUES (151);
INSERT INTO INDICADOR_UNIDAD (ID) VALUES (152);
INSERT INTO INDICADOR_UNIDAD (ID) VALUES (153);
INSERT INTO INDICADOR_UNIDAD (ID) VALUES (154);
INSERT INTO INDICADOR_UNIDAD (ID) VALUES (158);
INSERT INTO INDICADOR_UNIDAD (ID) VALUES (159);
INSERT INTO INDICADOR_UNIDAD (ID) VALUES (160);
INSERT INTO INDICADOR_UNIDAD (ID) VALUES (161);
INSERT INTO INDICADOR_UNIDAD (ID) VALUES (162);
INSERT INTO INDICADOR_UNIDAD (ID) VALUES (163);
INSERT INTO INDICADOR_UNIDAD (ID) VALUES (164);
INSERT INTO INDICADOR_UNIDAD (ID) VALUES (165);
INSERT INTO INDICADOR_UNIDAD (ID) VALUES (166);

INSERT INTO INDICADOR_CENTRO (ID) VALUES(155);
INSERT INTO INDICADOR_CENTRO (ID) VALUES(156);
INSERT INTO INDICADOR_CENTRO (ID) VALUES(157);
INSERT INTO INDICADOR_CENTRO (ID) VALUES(167);
INSERT INTO INDICADOR_CENTRO (ID) VALUES(168);

INSERT INTO COLEGIO (ID, NOMBRE) VALUES (500, 'Salesianos Triana');

INSERT INTO INDICADOR_CENTRO_CENTROS (INDICADOR_CENTRO_ID, CENTROS_ID) VALUES(155,500);
INSERT INTO INDICADOR_CENTRO_CENTROS (INDICADOR_CENTRO_ID, CENTROS_ID) VALUES(156,500);
INSERT INTO INDICADOR_CENTRO_CENTROS (INDICADOR_CENTRO_ID, CENTROS_ID) VALUES(157,500);
INSERT INTO INDICADOR_CENTRO_CENTROS (INDICADOR_CENTRO_ID, CENTROS_ID) VALUES(167,500);
INSERT INTO INDICADOR_CENTRO_CENTROS (INDICADOR_CENTRO_ID, CENTROS_ID) VALUES(168,500);




INSERT INTO ETAPA (ID, NOMBRE, PESO, COLEGIO_ID, SUPER_ETAPA_ID) VALUES (200, 'BACHILLERATO', 1, 500, null);
INSERT INTO ETAPA (ID, NOMBRE, PESO, COLEGIO_ID, SUPER_ETAPA_ID) VALUES (201, '1º CICLO BACHILLER', 2, 500, 200);
INSERT INTO ETAPA (ID, NOMBRE, PESO, COLEGIO_ID, SUPER_ETAPA_ID) VALUES (202, '2º CICLO BACHILLER', 3, 500, 200);
INSERT INTO ETAPA (ID, NOMBRE, PESO, COLEGIO_ID, SUPER_ETAPA_ID) VALUES (210, 'FORMACIÓN PROFESIONAL', 4, 500, null);
INSERT INTO ETAPA (ID, NOMBRE, PESO, COLEGIO_ID, SUPER_ETAPA_ID) VALUES (211, 'CICLOS FORMATIVOS DE GRADO MEDIO', 5, 500, 210);
INSERT INTO ETAPA (ID, NOMBRE, PESO, COLEGIO_ID, SUPER_ETAPA_ID) VALUES (212, 'CICLOS FORMATIVOS DE GRADO SUPERIOR', 6, 500, 210);
INSERT INTO ETAPA (ID, NOMBRE, PESO, COLEGIO_ID, SUPER_ETAPA_ID) VALUES (213, 'FORMACIÓN PROFESIONAL BÁSICA', 7, 500, 210);
INSERT INTO ETAPA (ID, NOMBRE, PESO, COLEGIO_ID, SUPER_ETAPA_ID) VALUES (220, 'INFANTIL', 8, 500, null);
INSERT INTO ETAPA (ID, NOMBRE, PESO, COLEGIO_ID, SUPER_ETAPA_ID) VALUES (221, '2º CICLO INFANTIL', 9, 500, 220);
INSERT INTO ETAPA (ID, NOMBRE, PESO, COLEGIO_ID, SUPER_ETAPA_ID) VALUES (230, 'PRIMARIA', 10, 500, null);
INSERT INTO ETAPA (ID, NOMBRE, PESO, COLEGIO_ID, SUPER_ETAPA_ID) VALUES (231, '1º CICLO PRIMARIA', 11, 500, 230);
INSERT INTO ETAPA (ID, NOMBRE, PESO, COLEGIO_ID, SUPER_ETAPA_ID) VALUES (232, '2º CICLO PRIMARIA', 12, 500, 230);
INSERT INTO ETAPA (ID, NOMBRE, PESO, COLEGIO_ID, SUPER_ETAPA_ID) VALUES (233, '3º CICLO PRIMARIA', 13, 500, 230);
INSERT INTO ETAPA (ID, NOMBRE, PESO, COLEGIO_ID, SUPER_ETAPA_ID) VALUES (240, 'SECUNDARIA', 14, 500, null);
INSERT INTO ETAPA (ID, NOMBRE, PESO, COLEGIO_ID, SUPER_ETAPA_ID) VALUES (241, '1º CICLO ESO', 15, 500, 240);
INSERT INTO ETAPA (ID, NOMBRE, PESO, COLEGIO_ID, SUPER_ETAPA_ID) VALUES (242, '2º CICLO ESO', 16, 500, 240);
INSERT INTO ETAPA (ID, NOMBRE, PESO, COLEGIO_ID, SUPER_ETAPA_ID) VALUES (243, '3º CICLO ESO', 17, 500, 240);
INSERT INTO ETAPA (ID, NOMBRE, PESO, COLEGIO_ID, SUPER_ETAPA_ID) VALUES (244, '4º CICLO ESO', 18, 500, 240);


INSERT INTO CURSO (ID, NOMBRE, PESO, ETAPA_ID) VALUES (300, 'PRIMERO BACHILLERATO', 1, 201);
INSERT INTO CURSO (ID, NOMBRE, PESO, ETAPA_ID) VALUES (301, 'SEGUNDO BACHILLERATO', 2, 202);
INSERT INTO CURSO (ID, NOMBRE, PESO, ETAPA_ID) VALUES (302, '1º F.P.I.G.M. (Actividades Comerciales)', 3, 211);
INSERT INTO CURSO (ID, NOMBRE, PESO, ETAPA_ID) VALUES (303, '1º F.P.I.G.M. (Gestión Administrativa)', 4, 211);
INSERT INTO CURSO (ID, NOMBRE, PESO, ETAPA_ID) VALUES (304, '1º F.P.I.G.M. (Instalaciones de Telecomunicaciones)', 5, 211);
INSERT INTO CURSO (ID, NOMBRE, PESO, ETAPA_ID) VALUES (305, '1º F.P.I.G.M. (Instalaciones Eléctricas y Automáticas)', 6, 211);
INSERT INTO CURSO (ID, NOMBRE, PESO, ETAPA_ID) VALUES (306, '2º F.P.I.G.M. (Actividades Comerciales)', 7, 211);
INSERT INTO CURSO (ID, NOMBRE, PESO, ETAPA_ID) VALUES (307, '2º F.P.I.G.M. (Gestión Administrativa)', 8, 211);
INSERT INTO CURSO (ID, NOMBRE, PESO, ETAPA_ID) VALUES (308, '2º F.P.I.G.M. (Instalaciones de Telecomunicaciones)', 9, 211);
INSERT INTO CURSO (ID, NOMBRE, PESO, ETAPA_ID) VALUES (309, '2º F.P.I.G.M. (Instalaciones Eléctricas y Automáticas)', 10, 211);
INSERT INTO CURSO (ID, NOMBRE, PESO, ETAPA_ID) VALUES (310, '1º F.P.I.G.S. (Administración y Finanzas)', 11, 212);
INSERT INTO CURSO (ID, NOMBRE, PESO, ETAPA_ID) VALUES (311, '1º F.P.I.G.S. (Desarrollo de Aplicaciones Multiplataforma)', 12, 212);
INSERT INTO CURSO (ID, NOMBRE, PESO, ETAPA_ID) VALUES (312, '2º F.P.I.G.S. (Administración y Finanzas)', 13, 212);
INSERT INTO CURSO (ID, NOMBRE, PESO, ETAPA_ID) VALUES (313, '2º F.P.I.G.S. (Desarrollo de Aplicaciones Multiplataforma)', 14, 212);
INSERT INTO CURSO (ID, NOMBRE, PESO, ETAPA_ID) VALUES (314, '1º de F.P.B. (Electricidad y Electrónica)', 15, 213);
INSERT INTO CURSO (ID, NOMBRE, PESO, ETAPA_ID) VALUES (315, '2º de F.P.B. (Electricidad y Electrónica)', 16, 213);
INSERT INTO CURSO (ID, NOMBRE, PESO, ETAPA_ID) VALUES (316, 'Cinco Años', 17, 221);
INSERT INTO CURSO (ID, NOMBRE, PESO, ETAPA_ID) VALUES (317, 'Cuatro Años', 18, 221);
INSERT INTO CURSO (ID, NOMBRE, PESO, ETAPA_ID) VALUES (318, 'Tres Años', 19, 221);
INSERT INTO CURSO (ID, NOMBRE, PESO, ETAPA_ID) VALUES (319, '1º de Educ. Prima.', 20, 231);
INSERT INTO CURSO (ID, NOMBRE, PESO, ETAPA_ID) VALUES (320, '2º de Educ. Prima.', 21, 231);
INSERT INTO CURSO (ID, NOMBRE, PESO, ETAPA_ID) VALUES (321, '3º de Educ. Prima.', 22, 232);
INSERT INTO CURSO (ID, NOMBRE, PESO, ETAPA_ID) VALUES (322, '4º de Educ. Prima.', 23, 232);
INSERT INTO CURSO (ID, NOMBRE, PESO, ETAPA_ID) VALUES (323, '5º de Educ. Prima.', 24, 233);
INSERT INTO CURSO (ID, NOMBRE, PESO, ETAPA_ID) VALUES (324, '6º de Educ. Prima.', 25, 233);
INSERT INTO CURSO (ID, NOMBRE, PESO, ETAPA_ID) VALUES (325, '1º de E.S.O.', 26, 241);
INSERT INTO CURSO (ID, NOMBRE, PESO, ETAPA_ID) VALUES (326, '2º de E.S.O.', 27, 242);
INSERT INTO CURSO (ID, NOMBRE, PESO, ETAPA_ID) VALUES (327, '3º de E.S.O.', 28, 243);
INSERT INTO CURSO (ID, NOMBRE, PESO, ETAPA_ID) VALUES (328, '4º de E.S.O.', 29, 244);


INSERT INTO UNIDAD (ID, NOMBRE, PESO, CURSO_ID) VALUES (400, '1ºA Bach', 1, 300);
INSERT INTO UNIDAD (ID, NOMBRE, PESO, CURSO_ID) VALUES (401, '1ºB Bach', 2, 300);
INSERT INTO UNIDAD (ID, NOMBRE, PESO, CURSO_ID) VALUES (402, '1ºC Bach', 3, 300);
INSERT INTO UNIDAD (ID, NOMBRE, PESO, CURSO_ID) VALUES (403, '2ºA Bach', 4, 301);
INSERT INTO UNIDAD (ID, NOMBRE, PESO, CURSO_ID) VALUES (404, '2ºB Bach', 5, 301);
INSERT INTO UNIDAD (ID, NOMBRE, PESO, CURSO_ID) VALUES (405, '2ºC Bach', 6, 301);
INSERT INTO UNIDAD (ID, NOMBRE, PESO, CURSO_ID) VALUES (406, '1º Comerci', 7, 302);
INSERT INTO UNIDAD (ID, NOMBRE, PESO, CURSO_ID) VALUES (407, '1º Gestión', 8, 303);
INSERT INTO UNIDAD (ID, NOMBRE, PESO, CURSO_ID) VALUES (408, '1º ITelec', 9, 304);
INSERT INTO UNIDAD (ID, NOMBRE, PESO, CURSO_ID) VALUES (409, '1º Ins Aut', 10, 305);
INSERT INTO UNIDAD (ID, NOMBRE, PESO, CURSO_ID) VALUES (410, '2º Comerci', 11, 306);
INSERT INTO UNIDAD (ID, NOMBRE, PESO, CURSO_ID) VALUES (411, '2º Gestión', 12, 307);
INSERT INTO UNIDAD (ID, NOMBRE, PESO, CURSO_ID) VALUES (412, '2º ITelec', 13, 308);
INSERT INTO UNIDAD (ID, NOMBRE, PESO, CURSO_ID) VALUES (413, '2º Ins Aut', 14, 309);
INSERT INTO UNIDAD (ID, NOMBRE, PESO, CURSO_ID) VALUES (414, '1º Adm-Fin', 15, 310);
INSERT INTO UNIDAD (ID, NOMBRE, PESO, CURSO_ID) VALUES (415, '1 D.A.Mult', 16, 311);
INSERT INTO UNIDAD (ID, NOMBRE, PESO, CURSO_ID) VALUES (416, '2º Adm-Fin', 17, 312);
INSERT INTO UNIDAD (ID, NOMBRE, PESO, CURSO_ID) VALUES (417, '2 D.A.Mult', 18, 313);
INSERT INTO UNIDAD (ID, NOMBRE, PESO, CURSO_ID) VALUES (418, '1º FPB', 19, 314);
INSERT INTO UNIDAD (ID, NOMBRE, PESO, CURSO_ID) VALUES (419, '2º FPB', 20, 315);
INSERT INTO UNIDAD (ID, NOMBRE, PESO, CURSO_ID) VALUES (420, 'E.Inf. 5.A', 21, 316);
INSERT INTO UNIDAD (ID, NOMBRE, PESO, CURSO_ID) VALUES (421, 'E.Inf. 5.B', 22, 316);
INSERT INTO UNIDAD (ID, NOMBRE, PESO, CURSO_ID) VALUES (422, 'E.Inf. 4.A', 23, 317);
INSERT INTO UNIDAD (ID, NOMBRE, PESO, CURSO_ID) VALUES (423, 'E.Inf. 4.B', 24, 317);
INSERT INTO UNIDAD (ID, NOMBRE, PESO, CURSO_ID) VALUES (424, 'E.Inf. 3.A', 25, 318);
INSERT INTO UNIDAD (ID, NOMBRE, PESO, CURSO_ID) VALUES (425, 'E.Inf. 3.B', 26, 318);
INSERT INTO UNIDAD (ID, NOMBRE, PESO, CURSO_ID) VALUES (426, 'EPO 1ºA', 27, 319);
INSERT INTO UNIDAD (ID, NOMBRE, PESO, CURSO_ID) VALUES (427, 'EPO 1ºB', 28, 319);
INSERT INTO UNIDAD (ID, NOMBRE, PESO, CURSO_ID) VALUES (428, 'EPO 2ºA', 29, 320);
INSERT INTO UNIDAD (ID, NOMBRE, PESO, CURSO_ID) VALUES (429, 'EPO 2ºB', 30, 320);
INSERT INTO UNIDAD (ID, NOMBRE, PESO, CURSO_ID) VALUES (430, 'EPO 3ºA', 31, 321);
INSERT INTO UNIDAD (ID, NOMBRE, PESO, CURSO_ID) VALUES (431, 'EPO 3ºB', 32, 321);
INSERT INTO UNIDAD (ID, NOMBRE, PESO, CURSO_ID) VALUES (432, 'EPO 4ºA', 33, 322);
INSERT INTO UNIDAD (ID, NOMBRE, PESO, CURSO_ID) VALUES (433, 'EPO 4ºB', 34, 322);
INSERT INTO UNIDAD (ID, NOMBRE, PESO, CURSO_ID) VALUES (434, 'EPO 5ºA', 35, 323);
INSERT INTO UNIDAD (ID, NOMBRE, PESO, CURSO_ID) VALUES (435, 'EPO 5ºB', 36, 323);
INSERT INTO UNIDAD (ID, NOMBRE, PESO, CURSO_ID) VALUES (436, 'EPO 6ºA', 37, 324);
INSERT INTO UNIDAD (ID, NOMBRE, PESO, CURSO_ID) VALUES (437, 'EPO 6ºB', 38, 324);
INSERT INTO UNIDAD (ID, NOMBRE, PESO, CURSO_ID) VALUES (438, 'ESO 1ºA', 39, 325);
INSERT INTO UNIDAD (ID, NOMBRE, PESO, CURSO_ID) VALUES (439, 'ESO 1ºB', 40, 325);
INSERT INTO UNIDAD (ID, NOMBRE, PESO, CURSO_ID) VALUES (440, 'ESO 1ºC', 41, 325);
INSERT INTO UNIDAD (ID, NOMBRE, PESO, CURSO_ID) VALUES (441, 'ESO 2ºA', 42, 326);
INSERT INTO UNIDAD (ID, NOMBRE, PESO, CURSO_ID) VALUES (442, 'ESO 2ºB', 43, 326);
INSERT INTO UNIDAD (ID, NOMBRE, PESO, CURSO_ID) VALUES (443, 'ESO 2ºC', 44, 326);
INSERT INTO UNIDAD (ID, NOMBRE, PESO, CURSO_ID) VALUES (444, 'ESO 3ºA', 45, 327);
INSERT INTO UNIDAD (ID, NOMBRE, PESO, CURSO_ID) VALUES (445, 'ESO 3ºB', 46, 327);
INSERT INTO UNIDAD (ID, NOMBRE, PESO, CURSO_ID) VALUES (446, 'ESO 3ºC', 47, 327);
INSERT INTO UNIDAD (ID, NOMBRE, PESO, CURSO_ID) VALUES (447, 'ESO 4ºA', 48, 328);
INSERT INTO UNIDAD (ID, NOMBRE, PESO, CURSO_ID) VALUES (448, 'ESO 4ºB', 49, 328);
INSERT INTO UNIDAD (ID, NOMBRE, PESO, CURSO_ID) VALUES (449, 'ESO 4ºC', 50, 328);

INSERT INTO INDICADOR_UNIDAD_UNIDADES (INDICADOR_UNIDAD_ID, UNIDADES_ID) VALUES(100, 400);
INSERT INTO INDICADOR_UNIDAD_UNIDADES (INDICADOR_UNIDAD_ID, UNIDADES_ID) VALUES(100, 401);
INSERT INTO INDICADOR_UNIDAD_UNIDADES (INDICADOR_UNIDAD_ID, UNIDADES_ID) VALUES(100, 402);
INSERT INTO INDICADOR_UNIDAD_UNIDADES (INDICADOR_UNIDAD_ID, UNIDADES_ID) VALUES(100, 403);
INSERT INTO INDICADOR_UNIDAD_UNIDADES (INDICADOR_UNIDAD_ID, UNIDADES_ID) VALUES(100, 404);
INSERT INTO INDICADOR_UNIDAD_UNIDADES (INDICADOR_UNIDAD_ID, UNIDADES_ID) VALUES(100, 405);
INSERT INTO INDICADOR_UNIDAD_UNIDADES (INDICADOR_UNIDAD_ID, UNIDADES_ID) VALUES(100, 406);
INSERT INTO INDICADOR_UNIDAD_UNIDADES (INDICADOR_UNIDAD_ID, UNIDADES_ID) VALUES(100, 407);
INSERT INTO INDICADOR_UNIDAD_UNIDADES (INDICADOR_UNIDAD_ID, UNIDADES_ID) VALUES(100, 408);
INSERT INTO INDICADOR_UNIDAD_UNIDADES (INDICADOR_UNIDAD_ID, UNIDADES_ID) VALUES(100, 409);
INSERT INTO INDICADOR_UNIDAD_UNIDADES (INDICADOR_UNIDAD_ID, UNIDADES_ID) VALUES(100, 410);
INSERT INTO INDICADOR_UNIDAD_UNIDADES (INDICADOR_UNIDAD_ID, UNIDADES_ID) VALUES(100, 411);
INSERT INTO INDICADOR_UNIDAD_UNIDADES (INDICADOR_UNIDAD_ID, UNIDADES_ID) VALUES(100, 412);
INSERT INTO INDICADOR_UNIDAD_UNIDADES (INDICADOR_UNIDAD_ID, UNIDADES_ID) VALUES(100, 413);
INSERT INTO INDICADOR_UNIDAD_UNIDADES (INDICADOR_UNIDAD_ID, UNIDADES_ID) VALUES(100, 414);
INSERT INTO INDICADOR_UNIDAD_UNIDADES (INDICADOR_UNIDAD_ID, UNIDADES_ID) VALUES(100, 415);
INSERT INTO INDICADOR_UNIDAD_UNIDADES (INDICADOR_UNIDAD_ID, UNIDADES_ID) VALUES(100, 416);
INSERT INTO INDICADOR_UNIDAD_UNIDADES (INDICADOR_UNIDAD_ID, UNIDADES_ID) VALUES(100, 417);
INSERT INTO INDICADOR_UNIDAD_UNIDADES (INDICADOR_UNIDAD_ID, UNIDADES_ID) VALUES(100, 418);
INSERT INTO INDICADOR_UNIDAD_UNIDADES (INDICADOR_UNIDAD_ID, UNIDADES_ID) VALUES(100, 419);
INSERT INTO INDICADOR_UNIDAD_UNIDADES (INDICADOR_UNIDAD_ID, UNIDADES_ID) VALUES(100, 420);
INSERT INTO INDICADOR_UNIDAD_UNIDADES (INDICADOR_UNIDAD_ID, UNIDADES_ID) VALUES(100, 421);
INSERT INTO INDICADOR_UNIDAD_UNIDADES (INDICADOR_UNIDAD_ID, UNIDADES_ID) VALUES(100, 422);
INSERT INTO INDICADOR_UNIDAD_UNIDADES (INDICADOR_UNIDAD_ID, UNIDADES_ID) VALUES(100, 423);
INSERT INTO INDICADOR_UNIDAD_UNIDADES (INDICADOR_UNIDAD_ID, UNIDADES_ID) VALUES(100, 424);
INSERT INTO INDICADOR_UNIDAD_UNIDADES (INDICADOR_UNIDAD_ID, UNIDADES_ID) VALUES(100, 425);
INSERT INTO INDICADOR_UNIDAD_UNIDADES (INDICADOR_UNIDAD_ID, UNIDADES_ID) VALUES(100, 426);
INSERT INTO INDICADOR_UNIDAD_UNIDADES (INDICADOR_UNIDAD_ID, UNIDADES_ID) VALUES(100, 427);
INSERT INTO INDICADOR_UNIDAD_UNIDADES (INDICADOR_UNIDAD_ID, UNIDADES_ID) VALUES(100, 428);
INSERT INTO INDICADOR_UNIDAD_UNIDADES (INDICADOR_UNIDAD_ID, UNIDADES_ID) VALUES(100, 429);
INSERT INTO INDICADOR_UNIDAD_UNIDADES (INDICADOR_UNIDAD_ID, UNIDADES_ID) VALUES(100, 430);
INSERT INTO INDICADOR_UNIDAD_UNIDADES (INDICADOR_UNIDAD_ID, UNIDADES_ID) VALUES(100, 431);
INSERT INTO INDICADOR_UNIDAD_UNIDADES (INDICADOR_UNIDAD_ID, UNIDADES_ID) VALUES(100, 432);
INSERT INTO INDICADOR_UNIDAD_UNIDADES (INDICADOR_UNIDAD_ID, UNIDADES_ID) VALUES(100, 433);
INSERT INTO INDICADOR_UNIDAD_UNIDADES (INDICADOR_UNIDAD_ID, UNIDADES_ID) VALUES(100, 434);
INSERT INTO INDICADOR_UNIDAD_UNIDADES (INDICADOR_UNIDAD_ID, UNIDADES_ID) VALUES(100, 435);
INSERT INTO INDICADOR_UNIDAD_UNIDADES (INDICADOR_UNIDAD_ID, UNIDADES_ID) VALUES(100, 436);
INSERT INTO INDICADOR_UNIDAD_UNIDADES (INDICADOR_UNIDAD_ID, UNIDADES_ID) VALUES(100, 437);
INSERT INTO INDICADOR_UNIDAD_UNIDADES (INDICADOR_UNIDAD_ID, UNIDADES_ID) VALUES(100, 438);
INSERT INTO INDICADOR_UNIDAD_UNIDADES (INDICADOR_UNIDAD_ID, UNIDADES_ID) VALUES(100, 440);
INSERT INTO INDICADOR_UNIDAD_UNIDADES (INDICADOR_UNIDAD_ID, UNIDADES_ID) VALUES(100, 441);
INSERT INTO INDICADOR_UNIDAD_UNIDADES (INDICADOR_UNIDAD_ID, UNIDADES_ID) VALUES(100, 441);
INSERT INTO INDICADOR_UNIDAD_UNIDADES (INDICADOR_UNIDAD_ID, UNIDADES_ID) VALUES(100, 442);
INSERT INTO INDICADOR_UNIDAD_UNIDADES (INDICADOR_UNIDAD_ID, UNIDADES_ID) VALUES(100, 443);
INSERT INTO INDICADOR_UNIDAD_UNIDADES (INDICADOR_UNIDAD_ID, UNIDADES_ID) VALUES(100, 444);
INSERT INTO INDICADOR_UNIDAD_UNIDADES (INDICADOR_UNIDAD_ID, UNIDADES_ID) VALUES(100, 445);
INSERT INTO INDICADOR_UNIDAD_UNIDADES (INDICADOR_UNIDAD_ID, UNIDADES_ID) VALUES(100, 446);
INSERT INTO INDICADOR_UNIDAD_UNIDADES (INDICADOR_UNIDAD_ID, UNIDADES_ID) VALUES(100, 447);
INSERT INTO INDICADOR_UNIDAD_UNIDADES (INDICADOR_UNIDAD_ID, UNIDADES_ID) VALUES(100, 448);
INSERT INTO INDICADOR_UNIDAD_UNIDADES (INDICADOR_UNIDAD_ID, UNIDADES_ID) VALUES(100, 449);


INSERT INTO INDICADOR_UNIDAD_UNIDADES (INDICADOR_UNIDAD_ID, UNIDADES_ID) VALUES(101,400);
INSERT INTO INDICADOR_UNIDAD_UNIDADES (INDICADOR_UNIDAD_ID, UNIDADES_ID) VALUES(101,401);
INSERT INTO INDICADOR_UNIDAD_UNIDADES (INDICADOR_UNIDAD_ID, UNIDADES_ID) VALUES(101,402);
INSERT INTO INDICADOR_UNIDAD_UNIDADES (INDICADOR_UNIDAD_ID, UNIDADES_ID) VALUES(101,403);
INSERT INTO INDICADOR_UNIDAD_UNIDADES (INDICADOR_UNIDAD_ID, UNIDADES_ID) VALUES(101,404);
INSERT INTO INDICADOR_UNIDAD_UNIDADES (INDICADOR_UNIDAD_ID, UNIDADES_ID) VALUES(101,405);
INSERT INTO INDICADOR_UNIDAD_UNIDADES (INDICADOR_UNIDAD_ID, UNIDADES_ID) VALUES(101,406);
INSERT INTO INDICADOR_UNIDAD_UNIDADES (INDICADOR_UNIDAD_ID, UNIDADES_ID) VALUES(101,407);
INSERT INTO INDICADOR_UNIDAD_UNIDADES (INDICADOR_UNIDAD_ID, UNIDADES_ID) VALUES(101,408);
INSERT INTO INDICADOR_UNIDAD_UNIDADES (INDICADOR_UNIDAD_ID, UNIDADES_ID) VALUES(101,409);
INSERT INTO INDICADOR_UNIDAD_UNIDADES (INDICADOR_UNIDAD_ID, UNIDADES_ID) VALUES(101,410);
INSERT INTO INDICADOR_UNIDAD_UNIDADES (INDICADOR_UNIDAD_ID, UNIDADES_ID) VALUES(101,411);
INSERT INTO INDICADOR_UNIDAD_UNIDADES (INDICADOR_UNIDAD_ID, UNIDADES_ID) VALUES(101,412);
INSERT INTO INDICADOR_UNIDAD_UNIDADES (INDICADOR_UNIDAD_ID, UNIDADES_ID) VALUES(101,413);
INSERT INTO INDICADOR_UNIDAD_UNIDADES (INDICADOR_UNIDAD_ID, UNIDADES_ID) VALUES(101,414);
INSERT INTO INDICADOR_UNIDAD_UNIDADES (INDICADOR_UNIDAD_ID, UNIDADES_ID) VALUES(101,415);
INSERT INTO INDICADOR_UNIDAD_UNIDADES (INDICADOR_UNIDAD_ID, UNIDADES_ID) VALUES(101,416);
INSERT INTO INDICADOR_UNIDAD_UNIDADES (INDICADOR_UNIDAD_ID, UNIDADES_ID) VALUES(101,417);
INSERT INTO INDICADOR_UNIDAD_UNIDADES (INDICADOR_UNIDAD_ID, UNIDADES_ID) VALUES(101,418);
INSERT INTO INDICADOR_UNIDAD_UNIDADES (INDICADOR_UNIDAD_ID, UNIDADES_ID) VALUES(101,419);
INSERT INTO INDICADOR_UNIDAD_UNIDADES (INDICADOR_UNIDAD_ID, UNIDADES_ID) VALUES(101,420);
INSERT INTO INDICADOR_UNIDAD_UNIDADES (INDICADOR_UNIDAD_ID, UNIDADES_ID) VALUES(101,421);
INSERT INTO INDICADOR_UNIDAD_UNIDADES (INDICADOR_UNIDAD_ID, UNIDADES_ID) VALUES(101,422);
INSERT INTO INDICADOR_UNIDAD_UNIDADES (INDICADOR_UNIDAD_ID, UNIDADES_ID) VALUES(101,423);
INSERT INTO INDICADOR_UNIDAD_UNIDADES (INDICADOR_UNIDAD_ID, UNIDADES_ID) VALUES(101,424);
INSERT INTO INDICADOR_UNIDAD_UNIDADES (INDICADOR_UNIDAD_ID, UNIDADES_ID) VALUES(101,425);
INSERT INTO INDICADOR_UNIDAD_UNIDADES (INDICADOR_UNIDAD_ID, UNIDADES_ID) VALUES(101,426);
INSERT INTO INDICADOR_UNIDAD_UNIDADES (INDICADOR_UNIDAD_ID, UNIDADES_ID) VALUES(101,427);
INSERT INTO INDICADOR_UNIDAD_UNIDADES (INDICADOR_UNIDAD_ID, UNIDADES_ID) VALUES(101,428);
INSERT INTO INDICADOR_UNIDAD_UNIDADES (INDICADOR_UNIDAD_ID, UNIDADES_ID) VALUES(101,429);
INSERT INTO INDICADOR_UNIDAD_UNIDADES (INDICADOR_UNIDAD_ID, UNIDADES_ID) VALUES(101,430);
INSERT INTO INDICADOR_UNIDAD_UNIDADES (INDICADOR_UNIDAD_ID, UNIDADES_ID) VALUES(101,431);
INSERT INTO INDICADOR_UNIDAD_UNIDADES (INDICADOR_UNIDAD_ID, UNIDADES_ID) VALUES(101,432);
INSERT INTO INDICADOR_UNIDAD_UNIDADES (INDICADOR_UNIDAD_ID, UNIDADES_ID) VALUES(101,433);
INSERT INTO INDICADOR_UNIDAD_UNIDADES (INDICADOR_UNIDAD_ID, UNIDADES_ID) VALUES(101,434);
INSERT INTO INDICADOR_UNIDAD_UNIDADES (INDICADOR_UNIDAD_ID, UNIDADES_ID) VALUES(101,435);
INSERT INTO INDICADOR_UNIDAD_UNIDADES (INDICADOR_UNIDAD_ID, UNIDADES_ID) VALUES(101,436);
INSERT INTO INDICADOR_UNIDAD_UNIDADES (INDICADOR_UNIDAD_ID, UNIDADES_ID) VALUES(101,437);
INSERT INTO INDICADOR_UNIDAD_UNIDADES (INDICADOR_UNIDAD_ID, UNIDADES_ID) VALUES(101,438);
INSERT INTO INDICADOR_UNIDAD_UNIDADES (INDICADOR_UNIDAD_ID, UNIDADES_ID) VALUES(101,439);
INSERT INTO INDICADOR_UNIDAD_UNIDADES (INDICADOR_UNIDAD_ID, UNIDADES_ID) VALUES(101,440);
INSERT INTO INDICADOR_UNIDAD_UNIDADES (INDICADOR_UNIDAD_ID, UNIDADES_ID) VALUES(101,441);
INSERT INTO INDICADOR_UNIDAD_UNIDADES (INDICADOR_UNIDAD_ID, UNIDADES_ID) VALUES(101,442);
INSERT INTO INDICADOR_UNIDAD_UNIDADES (INDICADOR_UNIDAD_ID, UNIDADES_ID) VALUES(101,443);
INSERT INTO INDICADOR_UNIDAD_UNIDADES (INDICADOR_UNIDAD_ID, UNIDADES_ID) VALUES(101,444);
INSERT INTO INDICADOR_UNIDAD_UNIDADES (INDICADOR_UNIDAD_ID, UNIDADES_ID) VALUES(101,445);
INSERT INTO INDICADOR_UNIDAD_UNIDADES (INDICADOR_UNIDAD_ID, UNIDADES_ID) VALUES(101,446);
INSERT INTO INDICADOR_UNIDAD_UNIDADES (INDICADOR_UNIDAD_ID, UNIDADES_ID) VALUES(101,447);
INSERT INTO INDICADOR_UNIDAD_UNIDADES (INDICADOR_UNIDAD_ID, UNIDADES_ID) VALUES(101,448);
INSERT INTO INDICADOR_UNIDAD_UNIDADES (INDICADOR_UNIDAD_ID, UNIDADES_ID) VALUES(101,449);

INSERT INTO INDICADOR_UNIDAD_UNIDADES (INDICADOR_UNIDAD_ID, UNIDADES_ID) VALUES(102,400);
INSERT INTO INDICADOR_UNIDAD_UNIDADES (INDICADOR_UNIDAD_ID, UNIDADES_ID) VALUES(102,401);
INSERT INTO INDICADOR_UNIDAD_UNIDADES (INDICADOR_UNIDAD_ID, UNIDADES_ID) VALUES(102,402);
INSERT INTO INDICADOR_UNIDAD_UNIDADES (INDICADOR_UNIDAD_ID, UNIDADES_ID) VALUES(102,403);
INSERT INTO INDICADOR_UNIDAD_UNIDADES (INDICADOR_UNIDAD_ID, UNIDADES_ID) VALUES(102,404);
INSERT INTO INDICADOR_UNIDAD_UNIDADES (INDICADOR_UNIDAD_ID, UNIDADES_ID) VALUES(102,405);
INSERT INTO INDICADOR_UNIDAD_UNIDADES (INDICADOR_UNIDAD_ID, UNIDADES_ID) VALUES(102,406);
INSERT INTO INDICADOR_UNIDAD_UNIDADES (INDICADOR_UNIDAD_ID, UNIDADES_ID) VALUES(102,407);
INSERT INTO INDICADOR_UNIDAD_UNIDADES (INDICADOR_UNIDAD_ID, UNIDADES_ID) VALUES(102,408);
INSERT INTO INDICADOR_UNIDAD_UNIDADES (INDICADOR_UNIDAD_ID, UNIDADES_ID) VALUES(102,409);
INSERT INTO INDICADOR_UNIDAD_UNIDADES (INDICADOR_UNIDAD_ID, UNIDADES_ID) VALUES(102,410);
INSERT INTO INDICADOR_UNIDAD_UNIDADES (INDICADOR_UNIDAD_ID, UNIDADES_ID) VALUES(102,411);
INSERT INTO INDICADOR_UNIDAD_UNIDADES (INDICADOR_UNIDAD_ID, UNIDADES_ID) VALUES(102,412);
INSERT INTO INDICADOR_UNIDAD_UNIDADES (INDICADOR_UNIDAD_ID, UNIDADES_ID) VALUES(102,413);
INSERT INTO INDICADOR_UNIDAD_UNIDADES (INDICADOR_UNIDAD_ID, UNIDADES_ID) VALUES(102,414);
INSERT INTO INDICADOR_UNIDAD_UNIDADES (INDICADOR_UNIDAD_ID, UNIDADES_ID) VALUES(102,415);
INSERT INTO INDICADOR_UNIDAD_UNIDADES (INDICADOR_UNIDAD_ID, UNIDADES_ID) VALUES(102,416);
INSERT INTO INDICADOR_UNIDAD_UNIDADES (INDICADOR_UNIDAD_ID, UNIDADES_ID) VALUES(102,417);
INSERT INTO INDICADOR_UNIDAD_UNIDADES (INDICADOR_UNIDAD_ID, UNIDADES_ID) VALUES(102,418);
INSERT INTO INDICADOR_UNIDAD_UNIDADES (INDICADOR_UNIDAD_ID, UNIDADES_ID) VALUES(102,419);
INSERT INTO INDICADOR_UNIDAD_UNIDADES (INDICADOR_UNIDAD_ID, UNIDADES_ID) VALUES(102,420);
INSERT INTO INDICADOR_UNIDAD_UNIDADES (INDICADOR_UNIDAD_ID, UNIDADES_ID) VALUES(102,421);
INSERT INTO INDICADOR_UNIDAD_UNIDADES (INDICADOR_UNIDAD_ID, UNIDADES_ID) VALUES(102,422);
INSERT INTO INDICADOR_UNIDAD_UNIDADES (INDICADOR_UNIDAD_ID, UNIDADES_ID) VALUES(102,423);
INSERT INTO INDICADOR_UNIDAD_UNIDADES (INDICADOR_UNIDAD_ID, UNIDADES_ID) VALUES(102,424);
INSERT INTO INDICADOR_UNIDAD_UNIDADES (INDICADOR_UNIDAD_ID, UNIDADES_ID) VALUES(102,425);
INSERT INTO INDICADOR_UNIDAD_UNIDADES (INDICADOR_UNIDAD_ID, UNIDADES_ID) VALUES(102,426);
INSERT INTO INDICADOR_UNIDAD_UNIDADES (INDICADOR_UNIDAD_ID, UNIDADES_ID) VALUES(102,427);
INSERT INTO INDICADOR_UNIDAD_UNIDADES (INDICADOR_UNIDAD_ID, UNIDADES_ID) VALUES(102,428);
INSERT INTO INDICADOR_UNIDAD_UNIDADES (INDICADOR_UNIDAD_ID, UNIDADES_ID) VALUES(102,429);
INSERT INTO INDICADOR_UNIDAD_UNIDADES (INDICADOR_UNIDAD_ID, UNIDADES_ID) VALUES(102,430);
INSERT INTO INDICADOR_UNIDAD_UNIDADES (INDICADOR_UNIDAD_ID, UNIDADES_ID) VALUES(102,431);
INSERT INTO INDICADOR_UNIDAD_UNIDADES (INDICADOR_UNIDAD_ID, UNIDADES_ID) VALUES(102,432);
INSERT INTO INDICADOR_UNIDAD_UNIDADES (INDICADOR_UNIDAD_ID, UNIDADES_ID) VALUES(102,433);
INSERT INTO INDICADOR_UNIDAD_UNIDADES (INDICADOR_UNIDAD_ID, UNIDADES_ID) VALUES(102,434);
INSERT INTO INDICADOR_UNIDAD_UNIDADES (INDICADOR_UNIDAD_ID, UNIDADES_ID) VALUES(102,435);
INSERT INTO INDICADOR_UNIDAD_UNIDADES (INDICADOR_UNIDAD_ID, UNIDADES_ID) VALUES(102,436);
INSERT INTO INDICADOR_UNIDAD_UNIDADES (INDICADOR_UNIDAD_ID, UNIDADES_ID) VALUES(102,437);
INSERT INTO INDICADOR_UNIDAD_UNIDADES (INDICADOR_UNIDAD_ID, UNIDADES_ID) VALUES(102,438);
INSERT INTO INDICADOR_UNIDAD_UNIDADES (INDICADOR_UNIDAD_ID, UNIDADES_ID) VALUES(102,439);
INSERT INTO INDICADOR_UNIDAD_UNIDADES (INDICADOR_UNIDAD_ID, UNIDADES_ID) VALUES(102,440);
INSERT INTO INDICADOR_UNIDAD_UNIDADES (INDICADOR_UNIDAD_ID, UNIDADES_ID) VALUES(102,441);
INSERT INTO INDICADOR_UNIDAD_UNIDADES (INDICADOR_UNIDAD_ID, UNIDADES_ID) VALUES(102,442);
INSERT INTO INDICADOR_UNIDAD_UNIDADES (INDICADOR_UNIDAD_ID, UNIDADES_ID) VALUES(102,443);
INSERT INTO INDICADOR_UNIDAD_UNIDADES (INDICADOR_UNIDAD_ID, UNIDADES_ID) VALUES(102,444);
INSERT INTO INDICADOR_UNIDAD_UNIDADES (INDICADOR_UNIDAD_ID, UNIDADES_ID) VALUES(102,445);
INSERT INTO INDICADOR_UNIDAD_UNIDADES (INDICADOR_UNIDAD_ID, UNIDADES_ID) VALUES(102,446);
INSERT INTO INDICADOR_UNIDAD_UNIDADES (INDICADOR_UNIDAD_ID, UNIDADES_ID) VALUES(102,447);
INSERT INTO INDICADOR_UNIDAD_UNIDADES (INDICADOR_UNIDAD_ID, UNIDADES_ID) VALUES(102,448);
INSERT INTO INDICADOR_UNIDAD_UNIDADES (INDICADOR_UNIDAD_ID, UNIDADES_ID) VALUES(102,449);
INSERT INTO INDICADOR_UNIDAD_UNIDADES (INDICADOR_UNIDAD_ID, UNIDADES_ID) VALUES(103,400);
INSERT INTO INDICADOR_UNIDAD_UNIDADES (INDICADOR_UNIDAD_ID, UNIDADES_ID) VALUES(103,401);
INSERT INTO INDICADOR_UNIDAD_UNIDADES (INDICADOR_UNIDAD_ID, UNIDADES_ID) VALUES(103,402);
INSERT INTO INDICADOR_UNIDAD_UNIDADES (INDICADOR_UNIDAD_ID, UNIDADES_ID) VALUES(103,403);
INSERT INTO INDICADOR_UNIDAD_UNIDADES (INDICADOR_UNIDAD_ID, UNIDADES_ID) VALUES(103,404);
INSERT INTO INDICADOR_UNIDAD_UNIDADES (INDICADOR_UNIDAD_ID, UNIDADES_ID) VALUES(103,405);
INSERT INTO INDICADOR_UNIDAD_UNIDADES (INDICADOR_UNIDAD_ID, UNIDADES_ID) VALUES(103,406);
INSERT INTO INDICADOR_UNIDAD_UNIDADES (INDICADOR_UNIDAD_ID, UNIDADES_ID) VALUES(103,407);
INSERT INTO INDICADOR_UNIDAD_UNIDADES (INDICADOR_UNIDAD_ID, UNIDADES_ID) VALUES(103,408);
INSERT INTO INDICADOR_UNIDAD_UNIDADES (INDICADOR_UNIDAD_ID, UNIDADES_ID) VALUES(103,409);
INSERT INTO INDICADOR_UNIDAD_UNIDADES (INDICADOR_UNIDAD_ID, UNIDADES_ID) VALUES(103,410);
INSERT INTO INDICADOR_UNIDAD_UNIDADES (INDICADOR_UNIDAD_ID, UNIDADES_ID) VALUES(103,411);
INSERT INTO INDICADOR_UNIDAD_UNIDADES (INDICADOR_UNIDAD_ID, UNIDADES_ID) VALUES(103,412);
INSERT INTO INDICADOR_UNIDAD_UNIDADES (INDICADOR_UNIDAD_ID, UNIDADES_ID) VALUES(103,413);
INSERT INTO INDICADOR_UNIDAD_UNIDADES (INDICADOR_UNIDAD_ID, UNIDADES_ID) VALUES(103,414);
INSERT INTO INDICADOR_UNIDAD_UNIDADES (INDICADOR_UNIDAD_ID, UNIDADES_ID) VALUES(103,415);
INSERT INTO INDICADOR_UNIDAD_UNIDADES (INDICADOR_UNIDAD_ID, UNIDADES_ID) VALUES(103,416);
INSERT INTO INDICADOR_UNIDAD_UNIDADES (INDICADOR_UNIDAD_ID, UNIDADES_ID) VALUES(103,417);
INSERT INTO INDICADOR_UNIDAD_UNIDADES (INDICADOR_UNIDAD_ID, UNIDADES_ID) VALUES(103,418);
INSERT INTO INDICADOR_UNIDAD_UNIDADES (INDICADOR_UNIDAD_ID, UNIDADES_ID) VALUES(103,419);
INSERT INTO INDICADOR_UNIDAD_UNIDADES (INDICADOR_UNIDAD_ID, UNIDADES_ID) VALUES(103,420);
INSERT INTO INDICADOR_UNIDAD_UNIDADES (INDICADOR_UNIDAD_ID, UNIDADES_ID) VALUES(103,421);
INSERT INTO INDICADOR_UNIDAD_UNIDADES (INDICADOR_UNIDAD_ID, UNIDADES_ID) VALUES(103,422);
INSERT INTO INDICADOR_UNIDAD_UNIDADES (INDICADOR_UNIDAD_ID, UNIDADES_ID) VALUES(103,423);
INSERT INTO INDICADOR_UNIDAD_UNIDADES (INDICADOR_UNIDAD_ID, UNIDADES_ID) VALUES(103,424);
INSERT INTO INDICADOR_UNIDAD_UNIDADES (INDICADOR_UNIDAD_ID, UNIDADES_ID) VALUES(103,425);
INSERT INTO INDICADOR_UNIDAD_UNIDADES (INDICADOR_UNIDAD_ID, UNIDADES_ID) VALUES(103,426);
INSERT INTO INDICADOR_UNIDAD_UNIDADES (INDICADOR_UNIDAD_ID, UNIDADES_ID) VALUES(103,427);
INSERT INTO INDICADOR_UNIDAD_UNIDADES (INDICADOR_UNIDAD_ID, UNIDADES_ID) VALUES(103,428);
INSERT INTO INDICADOR_UNIDAD_UNIDADES (INDICADOR_UNIDAD_ID, UNIDADES_ID) VALUES(103,429);
INSERT INTO INDICADOR_UNIDAD_UNIDADES (INDICADOR_UNIDAD_ID, UNIDADES_ID) VALUES(103,430);
INSERT INTO INDICADOR_UNIDAD_UNIDADES (INDICADOR_UNIDAD_ID, UNIDADES_ID) VALUES(103,431);
INSERT INTO INDICADOR_UNIDAD_UNIDADES (INDICADOR_UNIDAD_ID, UNIDADES_ID) VALUES(103,432);
INSERT INTO INDICADOR_UNIDAD_UNIDADES (INDICADOR_UNIDAD_ID, UNIDADES_ID) VALUES(103,433);
INSERT INTO INDICADOR_UNIDAD_UNIDADES (INDICADOR_UNIDAD_ID, UNIDADES_ID) VALUES(103,434);
INSERT INTO INDICADOR_UNIDAD_UNIDADES (INDICADOR_UNIDAD_ID, UNIDADES_ID) VALUES(103,435);
INSERT INTO INDICADOR_UNIDAD_UNIDADES (INDICADOR_UNIDAD_ID, UNIDADES_ID) VALUES(103,436);
INSERT INTO INDICADOR_UNIDAD_UNIDADES (INDICADOR_UNIDAD_ID, UNIDADES_ID) VALUES(103,437);
INSERT INTO INDICADOR_UNIDAD_UNIDADES (INDICADOR_UNIDAD_ID, UNIDADES_ID) VALUES(103,438);
INSERT INTO INDICADOR_UNIDAD_UNIDADES (INDICADOR_UNIDAD_ID, UNIDADES_ID) VALUES(103,439);
INSERT INTO INDICADOR_UNIDAD_UNIDADES (INDICADOR_UNIDAD_ID, UNIDADES_ID) VALUES(103,440);
INSERT INTO INDICADOR_UNIDAD_UNIDADES (INDICADOR_UNIDAD_ID, UNIDADES_ID) VALUES(103,441);
INSERT INTO INDICADOR_UNIDAD_UNIDADES (INDICADOR_UNIDAD_ID, UNIDADES_ID) VALUES(103,442);
INSERT INTO INDICADOR_UNIDAD_UNIDADES (INDICADOR_UNIDAD_ID, UNIDADES_ID) VALUES(103,443);
INSERT INTO INDICADOR_UNIDAD_UNIDADES (INDICADOR_UNIDAD_ID, UNIDADES_ID) VALUES(103,444);
INSERT INTO INDICADOR_UNIDAD_UNIDADES (INDICADOR_UNIDAD_ID, UNIDADES_ID) VALUES(103,445);
INSERT INTO INDICADOR_UNIDAD_UNIDADES (INDICADOR_UNIDAD_ID, UNIDADES_ID) VALUES(103,446);
INSERT INTO INDICADOR_UNIDAD_UNIDADES (INDICADOR_UNIDAD_ID, UNIDADES_ID) VALUES(103,447);
INSERT INTO INDICADOR_UNIDAD_UNIDADES (INDICADOR_UNIDAD_ID, UNIDADES_ID) VALUES(103,448);
INSERT INTO INDICADOR_UNIDAD_UNIDADES (INDICADOR_UNIDAD_ID, UNIDADES_ID) VALUES(103,449);
INSERT INTO INDICADOR_UNIDAD_UNIDADES (INDICADOR_UNIDAD_ID, UNIDADES_ID) VALUES(104,400);
INSERT INTO INDICADOR_UNIDAD_UNIDADES (INDICADOR_UNIDAD_ID, UNIDADES_ID) VALUES(104,401);
INSERT INTO INDICADOR_UNIDAD_UNIDADES (INDICADOR_UNIDAD_ID, UNIDADES_ID) VALUES(104,402);
INSERT INTO INDICADOR_UNIDAD_UNIDADES (INDICADOR_UNIDAD_ID, UNIDADES_ID) VALUES(104,403);
INSERT INTO INDICADOR_UNIDAD_UNIDADES (INDICADOR_UNIDAD_ID, UNIDADES_ID) VALUES(104,404);
INSERT INTO INDICADOR_UNIDAD_UNIDADES (INDICADOR_UNIDAD_ID, UNIDADES_ID) VALUES(104,405);
INSERT INTO INDICADOR_UNIDAD_UNIDADES (INDICADOR_UNIDAD_ID, UNIDADES_ID) VALUES(104,406);
INSERT INTO INDICADOR_UNIDAD_UNIDADES (INDICADOR_UNIDAD_ID, UNIDADES_ID) VALUES(104,407);
INSERT INTO INDICADOR_UNIDAD_UNIDADES (INDICADOR_UNIDAD_ID, UNIDADES_ID) VALUES(104,408);
INSERT INTO INDICADOR_UNIDAD_UNIDADES (INDICADOR_UNIDAD_ID, UNIDADES_ID) VALUES(104,409);
INSERT INTO INDICADOR_UNIDAD_UNIDADES (INDICADOR_UNIDAD_ID, UNIDADES_ID) VALUES(104,410);
INSERT INTO INDICADOR_UNIDAD_UNIDADES (INDICADOR_UNIDAD_ID, UNIDADES_ID) VALUES(104,411);
INSERT INTO INDICADOR_UNIDAD_UNIDADES (INDICADOR_UNIDAD_ID, UNIDADES_ID) VALUES(104,412);
INSERT INTO INDICADOR_UNIDAD_UNIDADES (INDICADOR_UNIDAD_ID, UNIDADES_ID) VALUES(104,413);
INSERT INTO INDICADOR_UNIDAD_UNIDADES (INDICADOR_UNIDAD_ID, UNIDADES_ID) VALUES(104,414);
INSERT INTO INDICADOR_UNIDAD_UNIDADES (INDICADOR_UNIDAD_ID, UNIDADES_ID) VALUES(104,415);
INSERT INTO INDICADOR_UNIDAD_UNIDADES (INDICADOR_UNIDAD_ID, UNIDADES_ID) VALUES(104,416);
INSERT INTO INDICADOR_UNIDAD_UNIDADES (INDICADOR_UNIDAD_ID, UNIDADES_ID) VALUES(104,417);
INSERT INTO INDICADOR_UNIDAD_UNIDADES (INDICADOR_UNIDAD_ID, UNIDADES_ID) VALUES(104,418);
INSERT INTO INDICADOR_UNIDAD_UNIDADES (INDICADOR_UNIDAD_ID, UNIDADES_ID) VALUES(104,419);
INSERT INTO INDICADOR_UNIDAD_UNIDADES (INDICADOR_UNIDAD_ID, UNIDADES_ID) VALUES(104,420);
INSERT INTO INDICADOR_UNIDAD_UNIDADES (INDICADOR_UNIDAD_ID, UNIDADES_ID) VALUES(104,421);
INSERT INTO INDICADOR_UNIDAD_UNIDADES (INDICADOR_UNIDAD_ID, UNIDADES_ID) VALUES(104,422);
INSERT INTO INDICADOR_UNIDAD_UNIDADES (INDICADOR_UNIDAD_ID, UNIDADES_ID) VALUES(104,423);
INSERT INTO INDICADOR_UNIDAD_UNIDADES (INDICADOR_UNIDAD_ID, UNIDADES_ID) VALUES(104,424);
INSERT INTO INDICADOR_UNIDAD_UNIDADES (INDICADOR_UNIDAD_ID, UNIDADES_ID) VALUES(104,425);
INSERT INTO INDICADOR_UNIDAD_UNIDADES (INDICADOR_UNIDAD_ID, UNIDADES_ID) VALUES(104,426);
INSERT INTO INDICADOR_UNIDAD_UNIDADES (INDICADOR_UNIDAD_ID, UNIDADES_ID) VALUES(104,427);
INSERT INTO INDICADOR_UNIDAD_UNIDADES (INDICADOR_UNIDAD_ID, UNIDADES_ID) VALUES(104,428);
INSERT INTO INDICADOR_UNIDAD_UNIDADES (INDICADOR_UNIDAD_ID, UNIDADES_ID) VALUES(104,429);
INSERT INTO INDICADOR_UNIDAD_UNIDADES (INDICADOR_UNIDAD_ID, UNIDADES_ID) VALUES(104,430);
INSERT INTO INDICADOR_UNIDAD_UNIDADES (INDICADOR_UNIDAD_ID, UNIDADES_ID) VALUES(104,431);
INSERT INTO INDICADOR_UNIDAD_UNIDADES (INDICADOR_UNIDAD_ID, UNIDADES_ID) VALUES(104,432);
INSERT INTO INDICADOR_UNIDAD_UNIDADES (INDICADOR_UNIDAD_ID, UNIDADES_ID) VALUES(104,433);
INSERT INTO INDICADOR_UNIDAD_UNIDADES (INDICADOR_UNIDAD_ID, UNIDADES_ID) VALUES(104,434);
INSERT INTO INDICADOR_UNIDAD_UNIDADES (INDICADOR_UNIDAD_ID, UNIDADES_ID) VALUES(104,435);
INSERT INTO INDICADOR_UNIDAD_UNIDADES (INDICADOR_UNIDAD_ID, UNIDADES_ID) VALUES(104,436);
INSERT INTO INDICADOR_UNIDAD_UNIDADES (INDICADOR_UNIDAD_ID, UNIDADES_ID) VALUES(104,437);
INSERT INTO INDICADOR_UNIDAD_UNIDADES (INDICADOR_UNIDAD_ID, UNIDADES_ID) VALUES(104,438);
INSERT INTO INDICADOR_UNIDAD_UNIDADES (INDICADOR_UNIDAD_ID, UNIDADES_ID) VALUES(104,439);
INSERT INTO INDICADOR_UNIDAD_UNIDADES (INDICADOR_UNIDAD_ID, UNIDADES_ID) VALUES(104,440);
INSERT INTO INDICADOR_UNIDAD_UNIDADES (INDICADOR_UNIDAD_ID, UNIDADES_ID) VALUES(104,441);
INSERT INTO INDICADOR_UNIDAD_UNIDADES (INDICADOR_UNIDAD_ID, UNIDADES_ID) VALUES(104,442);
INSERT INTO INDICADOR_UNIDAD_UNIDADES (INDICADOR_UNIDAD_ID, UNIDADES_ID) VALUES(104,443);
INSERT INTO INDICADOR_UNIDAD_UNIDADES (INDICADOR_UNIDAD_ID, UNIDADES_ID) VALUES(104,444);
INSERT INTO INDICADOR_UNIDAD_UNIDADES (INDICADOR_UNIDAD_ID, UNIDADES_ID) VALUES(104,445);
INSERT INTO INDICADOR_UNIDAD_UNIDADES (INDICADOR_UNIDAD_ID, UNIDADES_ID) VALUES(104,446);
INSERT INTO INDICADOR_UNIDAD_UNIDADES (INDICADOR_UNIDAD_ID, UNIDADES_ID) VALUES(104,447);
INSERT INTO INDICADOR_UNIDAD_UNIDADES (INDICADOR_UNIDAD_ID, UNIDADES_ID) VALUES(104,448);
INSERT INTO INDICADOR_UNIDAD_UNIDADES (INDICADOR_UNIDAD_ID, UNIDADES_ID) VALUES(104,449);

/*INSERT INTO INDICADOR_UNIDAD_UNIDADES (INDICADOR_UNIDAD_ID, UNIDADES_ID) VALUES(105 );
INSERT INTO INDICADOR_UNIDAD_UNIDADES (INDICADOR_UNIDAD_ID, UNIDADES_ID) VALUES(106 );
INSERT INTO INDICADOR_UNIDAD_UNIDADES (INDICADOR_UNIDAD_ID, UNIDADES_ID) VALUES(107 );
INSERT INTO INDICADOR_UNIDAD_UNIDADES (INDICADOR_UNIDAD_ID, UNIDADES_ID) VALUES(108 );
INSERT INTO INDICADOR_UNIDAD_UNIDADES (INDICADOR_UNIDAD_ID, UNIDADES_ID) VALUES(109 );
INSERT INTO INDICADOR_UNIDAD_UNIDADES (INDICADOR_UNIDAD_ID, UNIDADES_ID) VALUES(110 );
INSERT INTO INDICADOR_UNIDAD_UNIDADES (INDICADOR_UNIDAD_ID, UNIDADES_ID) VALUES(111 );
INSERT INTO INDICADOR_UNIDAD_UNIDADES (INDICADOR_UNIDAD_ID, UNIDADES_ID) VALUES(112 );
INSERT INTO INDICADOR_UNIDAD_UNIDADES (INDICADOR_UNIDAD_ID, UNIDADES_ID) VALUES(113 );
INSERT INTO INDICADOR_UNIDAD_UNIDADES (INDICADOR_UNIDAD_ID, UNIDADES_ID) VALUES(114 );
INSERT INTO INDICADOR_UNIDAD_UNIDADES (INDICADOR_UNIDAD_ID, UNIDADES_ID) VALUES(115 );
INSERT INTO INDICADOR_UNIDAD_UNIDADES (INDICADOR_UNIDAD_ID, UNIDADES_ID) VALUES(116 );
INSERT INTO INDICADOR_UNIDAD_UNIDADES (INDICADOR_UNIDAD_ID, UNIDADES_ID) VALUES(117 );
INSERT INTO INDICADOR_UNIDAD_UNIDADES (INDICADOR_UNIDAD_ID, UNIDADES_ID) VALUES(118 );
INSERT INTO INDICADOR_UNIDAD_UNIDADES (INDICADOR_UNIDAD_ID, UNIDADES_ID) VALUES(119 );
INSERT INTO INDICADOR_UNIDAD_UNIDADES (INDICADOR_UNIDAD_ID, UNIDADES_ID) VALUES(120 );
INSERT INTO INDICADOR_UNIDAD_UNIDADES (INDICADOR_UNIDAD_ID, UNIDADES_ID) VALUES(121 );
INSERT INTO INDICADOR_UNIDAD_UNIDADES (INDICADOR_UNIDAD_ID, UNIDADES_ID) VALUES(122 );
INSERT INTO INDICADOR_UNIDAD_UNIDADES (INDICADOR_UNIDAD_ID, UNIDADES_ID) VALUES(123 );
INSERT INTO INDICADOR_UNIDAD_UNIDADES (INDICADOR_UNIDAD_ID, UNIDADES_ID) VALUES(124 );
INSERT INTO INDICADOR_UNIDAD_UNIDADES (INDICADOR_UNIDAD_ID, UNIDADES_ID) VALUES(125 );
INSERT INTO INDICADOR_UNIDAD_UNIDADES (INDICADOR_UNIDAD_ID, UNIDADES_ID) VALUES(126 );
INSERT INTO INDICADOR_UNIDAD_UNIDADES (INDICADOR_UNIDAD_ID, UNIDADES_ID) VALUES(127 );
INSERT INTO INDICADOR_UNIDAD_UNIDADES (INDICADOR_UNIDAD_ID, UNIDADES_ID) VALUES(128 );
INSERT INTO INDICADOR_UNIDAD_UNIDADES (INDICADOR_UNIDAD_ID, UNIDADES_ID) VALUES(129 );
INSERT INTO INDICADOR_UNIDAD_UNIDADES (INDICADOR_UNIDAD_ID, UNIDADES_ID) VALUES(130 );
INSERT INTO INDICADOR_UNIDAD_UNIDADES (INDICADOR_UNIDAD_ID, UNIDADES_ID) VALUES(131 );
INSERT INTO INDICADOR_UNIDAD_UNIDADES (INDICADOR_UNIDAD_ID, UNIDADES_ID) VALUES(132 );
INSERT INTO INDICADOR_UNIDAD_UNIDADES (INDICADOR_UNIDAD_ID, UNIDADES_ID) VALUES(133 );
INSERT INTO INDICADOR_UNIDAD_UNIDADES (INDICADOR_UNIDAD_ID, UNIDADES_ID) VALUES(134 );
INSERT INTO INDICADOR_UNIDAD_UNIDADES (INDICADOR_UNIDAD_ID, UNIDADES_ID) VALUES(135 );
INSERT INTO INDICADOR_UNIDAD_UNIDADES (INDICADOR_UNIDAD_ID, UNIDADES_ID) VALUES(136 );
INSERT INTO INDICADOR_UNIDAD_UNIDADES (INDICADOR_UNIDAD_ID, UNIDADES_ID) VALUES(137 );
INSERT INTO INDICADOR_UNIDAD_UNIDADES (INDICADOR_UNIDAD_ID, UNIDADES_ID) VALUES(138 );
INSERT INTO INDICADOR_UNIDAD_UNIDADES (INDICADOR_UNIDAD_ID, UNIDADES_ID) VALUES(139 );
INSERT INTO INDICADOR_UNIDAD_UNIDADES (INDICADOR_UNIDAD_ID, UNIDADES_ID) VALUES(140 );
INSERT INTO INDICADOR_UNIDAD_UNIDADES (INDICADOR_UNIDAD_ID, UNIDADES_ID) VALUES(141 );
INSERT INTO INDICADOR_UNIDAD_UNIDADES (INDICADOR_UNIDAD_ID, UNIDADES_ID) VALUES(142 );
INSERT INTO INDICADOR_UNIDAD_UNIDADES (INDICADOR_UNIDAD_ID, UNIDADES_ID) VALUES(143 );
INSERT INTO INDICADOR_UNIDAD_UNIDADES (INDICADOR_UNIDAD_ID, UNIDADES_ID) VALUES(144 );
INSERT INTO INDICADOR_UNIDAD_UNIDADES (INDICADOR_UNIDAD_ID, UNIDADES_ID) VALUES(145 );
INSERT INTO INDICADOR_UNIDAD_UNIDADES (INDICADOR_UNIDAD_ID, UNIDADES_ID) VALUES(146 );
INSERT INTO INDICADOR_UNIDAD_UNIDADES (INDICADOR_UNIDAD_ID, UNIDADES_ID) VALUES(147 );
INSERT INTO INDICADOR_UNIDAD_UNIDADES (INDICADOR_UNIDAD_ID, UNIDADES_ID) VALUES(148 );
INSERT INTO INDICADOR_UNIDAD_UNIDADES (INDICADOR_UNIDAD_ID, UNIDADES_ID) VALUES(149 );
INSERT INTO INDICADOR_UNIDAD_UNIDADES (INDICADOR_UNIDAD_ID, UNIDADES_ID) VALUES(150 );
INSERT INTO INDICADOR_UNIDAD_UNIDADES (INDICADOR_UNIDAD_ID, UNIDADES_ID) VALUES(151 );
INSERT INTO INDICADOR_UNIDAD_UNIDADES (INDICADOR_UNIDAD_ID, UNIDADES_ID) VALUES(152 );
INSERT INTO INDICADOR_UNIDAD_UNIDADES (INDICADOR_UNIDAD_ID, UNIDADES_ID) VALUES(153 );
INSERT INTO INDICADOR_UNIDAD_UNIDADES (INDICADOR_UNIDAD_ID, UNIDADES_ID) VALUES(154 );
INSERT INTO INDICADOR_UNIDAD_UNIDADES (INDICADOR_UNIDAD_ID, UNIDADES_ID) VALUES(158 );
INSERT INTO INDICADOR_UNIDAD_UNIDADES (INDICADOR_UNIDAD_ID, UNIDADES_ID) VALUES(159 );
INSERT INTO INDICADOR_UNIDAD_UNIDADES (INDICADOR_UNIDAD_ID, UNIDADES_ID) VALUES(160 );
INSERT INTO INDICADOR_UNIDAD_UNIDADES (INDICADOR_UNIDAD_ID, UNIDADES_ID) VALUES(161 );
INSERT INTO INDICADOR_UNIDAD_UNIDADES (INDICADOR_UNIDAD_ID, UNIDADES_ID) VALUES(162 );
INSERT INTO INDICADOR_UNIDAD_UNIDADES (INDICADOR_UNIDAD_ID, UNIDADES_ID) VALUES(163 );
INSERT INTO INDICADOR_UNIDAD_UNIDADES (INDICADOR_UNIDAD_ID, UNIDADES_ID) VALUES(164 );
INSERT INTO INDICADOR_UNIDAD_UNIDADES (INDICADOR_UNIDAD_ID, UNIDADES_ID) VALUES(165 );
INSERT INTO INDICADOR_UNIDAD_UNIDADES (INDICADOR_UNIDAD_ID, UNIDADES_ID) VALUES(166 );

*/